Statistic,Value
Q1,0.0666666666666666
Median (Q2),0.4
Q3,0.8666666666666667
Mean,349.869109681322
Min,0.0
Max,49161.5
